Plant,Storage_location,Description,Location Type,City,pincode,warehouse_name,warehouse_type
1000,CO01,COMMON,Common,Gurugram,122101,HO,
1001,DM01,DAMAGE,Damage,Gurugram,122503,Damage,
1002,DM01,DAMAGE,Damage,New Delhi,110077,Damage,
1003,DM01,DAMAGE,Damage,Bengaluru,562123,Damage,
1001,01DC,MAMAEARTH D2C,D2C,Gurugram,122503,AZ dispatch,
1001,02DC,THE DERMACO D2C,D2C,Gurugram,122503,FK Dispatch,
1001,03DC,AQUALOGICA D2C,D2C,Gurugram,122503,Emiza Delhi,
1001,04DC,AYUGA D2C,D2C,Gurugram,122503,Emiza Delhi,
1301,DM01,DAMAGE,Damage,New Delhi,110061,Damage,
1001,E001,EWM-Central WH,Common,Gurugram,122503,Honasa Consumer Pvt Ltd_B2B GGN 2.0,
1001,E002,EWM-CW-RSM,Common,Gurugram,122503,GGN 2.0 - RSM,
1001,E003,EWM-CW-CSD,Common,Gurugram,122503,GGN 2.0 - CSD,
1001,E004,EWM-CW-IIA,Common,Gurugram,122503,IIA,
1001,EROD,E. WH - ROD,Common,Gurugram,122503,Honasa Consumer Pvt Ltd_B2B GGN 2.0,
1302,DM01,DAMAGE,Damage,Gurugram,122503,Damage,
1303,DM01,DAMAGE,Damage,Mumbai,421302,Damage,
1304,DM01,DAMAGE,Damage,Bengaluru,562124,Damage,
1305,DM01,DAMAGE,Damage,Howrah,711302,Damage,
1306,DM01,DAMAGE,Damage,Howrah,711302,Damage,
1307,DM01,DAMAGE,Damage,Howrah,711302,Damage,
1308,DM01,DAMAGE,Damage,Hyderabad,501401,Damage,
1309,DM01,DAMAGE,Damage,Howrah,711302,Damage,
1310,DM01,DAMAGE,Damage,Hooghly,711302,Damage,
1311,DM01,DAMAGE,Damage,Thane,421302,Damage,
1801,DM01,Damage,Damage,Gurugram,122001,Damage,
1802,DM01,Damage,Damage,Gurugram,122001,Damage,
1001,YOTO,YOTO,YOTO,Gurugram,122503,GGN YOTO,
1002,AZBC,AMAZON B2C,Amazon Flex,New Delhi,110077,DEL_CLUSTER,
1803,DM01,Damage,Damage,New Delhi,110007,Damage,
1002,CO01,COMMON,Common,New Delhi,110077,Dwarka - Ecom B2C,
1804,DM01,Damage,Damage,New Delhi,110017,Damage,
1805,DM01,Damage,Damage,New Delhi,110063,Damage,
1806,DM01,Damage,Damage,Noida,201304,Damage,
1807,DM01,Damage,Damage,Chandigarh,160002,Damage,
1808,DM01,Damage,Damage,Noida,201301,Damage,
1809,DM01,Damage,Damage,New Delhi,110092,Damage,
1810,DM01,Damage,Damage,Mumbai,400070,Damage,
1002,FKBC,FLIPKART B2C,Flipkart Smart,New Delhi,110077,DR_NewDelhi,
1811,DM01,Damage,Damage,Mumbai,400064,Damage,
1812,DM01,Damage,Damage,Ghaziabad,201014,Damage,
1813,DM01,Damage,Damage,Greater Noida,201301,Damage,
1814,DM01,Damage,Damage,Ghaziabad,212214,Damage,
1815,DM01,Damage,Damage,Gurugram,122001,Damage,
1816,DM01,Damage,Damage,Bengaluru,560066,Damage,
1817,DM01,Damage,Damage,Bengaluru,560066,Damage,
1002,MYBC,MYNTRA B2C,Myntra,New Delhi,110077,Myntra - HC Delhi,
1003,CO01,Common B2B,Common,Bengaluru,562123,Bangalore Common,
1301,01DC,MAMAEARTH D2C,D2C,New Delhi,110061,Emiza Delhi,
1301,02DC,THE DERMACO D2C,D2C,New Delhi,110061,Emiza Delhi,
1301,03DC,AQUALOGICA D2C,D2C,New Delhi,110061,Emiza Delhi,
1818,DM01,Damage,Damage,Bengaluru,560076,Damage,
1301,04DC,AYUGA D2C,D2C,New Delhi,110061,Emiza Delhi,
1819,DM01,Damage,Damage,Bengaluru,560025,Damage,
1820,DM01,Damage,Damage,Bengaluru,560064,Damage,
1821,DM01,Damage,Damage,New Delhi,110078,Damage,
1822,DM01,Damage,Damage,PUNE,411014,Damage,
1823,DM01,Damage,Damage,Gurugram,122018,Damage,
1824,DM01,Damage,Damage,Ghaziabad,201017,Damage,
1825,DM01,Damage,Damage,Pune,411007,Damage,
1301,AZBC,AMAZON B2C,Amazon Flex,New Delhi,110061,HRA_CLUSTER,
1301,FKBC,FLIPKART B2C,Flipkart Smart,New Delhi,110061,DR_NewDelhi,
1301,MYBC,MYNTRA B2C,Myntra,New Delhi,110061,Myntra - HC Delhi,
1301,MOBC,Meesho B2C,Meesho,New Delhi,110061,Meesho Delhi,
1826,DM01,Damage,Damage,Bengaluru,560067,Damage,
1827,DM01,Damage,Damage,Mumbai,400706,Damage,
1828,DM01,Damage,Damage,Bengaluru,560003,Damage,
1829,DM01,Damage,Damage,Lucknow,226028,Damage,
1830,DM01,Damage,Damage,Lucknow,226005,Damage,
1831,DM01,Damage,Damage,Pune,411033,Damage,
1832,DM01,Damage,Damage,New Delhi,110034,Damage,
1302,01DC,MAMAEARTH D2C,D2C,Gurugram,122503,SRF Pataudi,
1302,02DC,THE DERMACO D2C,D2C,Gurugram,122503,SRF Pataudi,
1302,03DC,AQUALOGICA D2C,D2C,Gurugram,122503,SRF Pataudi,
1302,04DC,AYUGA D2C,D2C,Gurugram,122503,SRF Pataudi,
1302,06DC,BBLUNT D2C,D2C,Gurugram,122503,SRF Pataudi,
1302,CO01,COMMON,Common,Gurugram,122503,SRF Pataudi,
1835,DM01,Damage,Damage,Lucknow,221060,Damage,
1303,01DC,MAMAEARTH D2C,D2C,Mumbai,421302,Emiza Mumbai,
1312,DM01,DAMAGE,Damage,Gurugram,122503,Damage,
1000,MS01,MISCELLANOUS,Miscellanous,Gurugram,122101,Miscellanous,
1001,MS01,MISCELLANOUS,Miscellanous,Gurugram,122503,Miscellanous,
1001,SL01,#REF!,Extra,Gurugram,122503,Extra,
1001,NR01,#REF!,#REF!,Gurugram,122503,Extra,
1002,MS01,MISCELLANEOUS,Miscellanous,New Delhi,110077,Miscellanous,
1003,MS01,MISCELLANEOUS,Miscellanous,Bengaluru,562123,Miscellanous,
1303,02DC,THE DERMACO D2C,D2C,Mumbai,421302,Emiza Mumbai,
1303,03DC,AQUALOGICA D2C,D2C,Mumbai,421302,Emiza Mumbai,
1303,AZBC,AMAZON B2C,Amazon Flex,Mumbai,421302,BOM_CLUSTER,
1303,CO01,Common B2B,Common,Mumbai,421302,Mumbai Common,
1303,FKBC,FLIPKART B2C,Flipkart Smart,Mumbai,421302,DR_Kolkata,
1047,SA01,#REF!,#REF!,Gurugram,122001,EBO Sales,
1303,04DC,AYUGA D2C,D2C,Mumbai,421302,Emiza Mumbai,
1301,MS01,MISCELLANEOUS,Miscellanous,New Delhi,110061,Miscellanous,
1302,MS01,MISCELLANEOUS,Miscellanous,Gurugram,122503,Miscellanous,
1303,MS01,MISCELLANEOUS,Miscellanous,Mumbai,421302,Miscellanous,
1304,MS01,MISCELLANEOUS,Miscellanous,Bengaluru,562124,Miscellanous,
1305,MS01,MISCELLANEOUS,Miscellanous,Howrah,711302,Miscellanous,
1306,MS01,MISCELLANEOUS,Miscellanous,Howrah,711302,Miscellanous,
1307,MS01,MISCELLANEOUS,Miscellanous,Howrah,711302,Miscellanous,
1303,MYBC,MYNTRA B2C,Myntra,Mumbai,421302,Myntra - Emiza Mumbai,
1308,MS01,MISCELLANEOUS,Miscellanous,Hyderabad,501401,Miscellanous,
1304,01DC,MAMAEARTH D2C,D2C,Bengaluru,562124,Emiza Bangalore,
1309,MS01,MISCELLANEOUS,Miscellanous,Howrah,711302,Miscellanous,
1310,MS01,MISCELLANEOUS,Miscellanous,Hooghly,711302,Miscellanous,
1311,MS01,MISCELLANEOUS,Miscellanous,Thane,421302,Miscellanous,
1312,NR01,Extra,Extra,Gurugram,122503,EBO Sales,
1312,SL01,Extra,Extra,Gurugram,122503,EBO Sales,
1312,MS01,MISCELLANOUS,Miscellanous,Gurugram,122503,Miscellanous,
1316,MS01,MISCELLANOUS,Miscellanous,Farukhnagar,122506,Miscellanous,
1304,02DC,THE DERMACO D2C,D2C,Bengaluru,562124,Emiza Bangalore,
1304,03DC,AQUALOGICA D2C,D2C,Bengaluru,562124,Emiza Bangalore,
1304,AZBC,AMAZON B2C,Amazon Flex,Bengaluru,562124,BOM_CLUSTER,
1304,FKBC,FLIPKART B2C,Flipkart Smart,Bengaluru,562124,DR_Bangalore,
1301,INT1,InTransit,Intransit,New Delhi,110061,Intransit,
1301,NT01,CONSUMABLES,Other,New Delhi,110061,Other,
1318,MS01,MISCELLANEOUS,Miscellanous,Mumbai,421302,Miscellanous,
1320,NR01,Near Expiry,Extra,Farukhnagar,122007,Other,
1320,SL01,SL Greater Than9,Extra,Farukhnagar,122007,Other,
1801,SA01,Sales,EBO Sales,Gurugram,122001,EBO Sales,
1801,MS01,MISCELLANEOUS,Miscellanous,Gurugram,122001,Miscellanous,
1304,04DC,AYUGA D2C,D2C,Bengaluru,562124,Emiza Bangalore,
1304,MYBC,MYNTRA B2C,Myntra,Bengaluru,562124,Myntra - Emiza Bangalore,
1305,AZBC,AMAZON B2C,Amazon Flex,Howrah,711302,KOL_CLUSTER,
1305,FKBC,FLIPKART B2C,Flipkart Smart,Howrah,711302,DR_KOlkata,
1802,SA01,Sales,EBO Sales,Gurugram,122001,EBO Sales,
1802,MS01,MISCELLANEOUS,Miscellanous,Gurugram,122001,Miscellanous,
1803,SA01,Sales,EBO Sales,New Delhi,110007,EBO Sales,
ME11,SC01,Scrap,Srap,New Delhi,110077,EBO Sales,
1803,MS01,MISCELLANEOUS,Miscellanous,New Delhi,110007,Miscellanous,
1804,SA01,Sales,EBO Sales,New Delhi,110017,EBO Sales,
1804,MS01,MISCELLANEOUS,Miscellanous,New Delhi,110017,Miscellanous,
1305,MYBC,MYNTRA B2C,Myntra,Howrah,711302,Myntra - Emiza Kolkata,
1306,01DC,MAMAEARTH D2C,D2C,Howrah,711302,Alexis Kolkata,
1306,02DC,THE DERMACO D2C,D2C,Howrah,711302,Alexis Kolkata,
1306,03DC,AQUALOGICA D2C,D2C,Howrah,711302,Alexis Kolkata,
1805,SA01,Sales,EBO Sales,New Delhi,110063,EBO Sales,
1805,MS01,MISCELLANEOUS,Miscellanous,New Delhi,110063,Miscellanous,
1806,SA01,Sales,EBO Sales,Noida,201304,EBO Sales,
1806,MS01,MISCELLANEOUS,Miscellanous,Noida,201304,Miscellanous,
1807,SA01,Sales,EBO Sales,Chandigarh,160002,EBO Sales,
1807,MS01,MISCELLANEOUS,Miscellanous,Chandigarh,160002,Miscellanous,
1808,SA01,Sales,EBO Sales,Noida,201301,EBO Sales,
1306,04DC,AYUGA D2C,D2C,Howrah,711302,Alexis Kolkata,
1307,01DC,MAMAEARTH D2C,D2C,Howrah,711302,SRF Kolkata,
1307,02DC,THE DERMACO D2C,D2C,Howrah,711302,SRF Kolkata,
1307,03DC,AQUALOGICA D2C,D2C,Howrah,711302,SRF Kolkata,
1808,MS01,MISCELLANEOUS,Miscellanous,Noida,201301,Miscellanous,
1809,SA01,Sales,EBO Sales,New Delhi,110092,EBO Sales,
1809,MS01,MISCELLANEOUS,Miscellanous,New Delhi,110092,Miscellanous,
1810,SA01,Sales,EBO Sales,Mumbai,400070,EBO Sales,
1810,MS01,MISCELLANEOUS,Miscellanous,Mumbai,400070,Miscellanous,
1811,SA01,Sales,EBO Sales,Mumbai,400064,EBO Sales,
1811,MS01,MISCELLANEOUS,Miscellanous,Mumbai,400064,Miscellanous,
1307,04DC,AYUGA D2C,D2C,Howrah,711302,SRF Kolkata,
1308,01DC,MAMAEARTH D2C,D2C,Hyderabad,501401,Emiza Hyderabad,
1308,02DC,THE DERMACO D2C,D2C,Hyderabad,501401,Emiza Hyderabad,
1308,03DC,AQUALOGICA D2C,D2C,Hyderabad,501401,Emiza Hyderabad,
1812,SA01,Sales,EBO Sales,Ghaziabad,201014,EBO Sales,
1812,MS01,MISCELLANEOUS,Miscellanous,Ghaziabad,201014,Miscellanous,
1813,SA01,Sales,EBO Sales,Greater Noida,201301,EBO Sales,
1813,nan,Extra,Extra,Greater Noida,201301,Extra,
1813,MS01,MISCELLANEOUS,Miscellanous,Greater Noida,201301,Miscellanous,
1814,SA01,Sales,EBO Sales,Ghaziabad,212214,EBO Sales,
1814,MS01,MISCELLANEOUS,Miscellanous,Ghaziabad,212214,Miscellanous,
1308,04DC,AYUGA D2C,D2C,Hyderabad,501401,Emiza Hyderabad,
1309,01DC,MAMAEARTH D2C,D2C,Howrah,711302,Alexis Kolkata,
1309,02DC,THE DERMACO D2C,D2C,Howrah,711302,Alexis Kolkata,
1309,03DC,AQUALOGICA D2C,D2C,Howrah,711302,Alexis Kolkata,
1309,04DC,AYUGA D2C,D2C,Howrah,711302,Alexis Kolkata,
1815,SA01,Sales,EBO Sales,Gurugram,122001,EBO Sales,
1815,MS01,MISCELLANEOUS,Miscellanous,Gurugram,122001,Miscellanous,
1816,SA01,Sales,EBO Sales,Bengaluru,560066,EBO Sales,
1816,MS01,MISCELLANEOUS,Miscellanous,Bengaluru,560066,Miscellanous,
1817,SA01,Sales,EBO Sales,Bengaluru,560066,EBO Sales,
1817,MS01,MISCELLANEOUS,Miscellanous,Bengaluru,560066,Miscellanous,
1818,SA01,Sales,EBO Sales,Bengaluru,560076,EBO Sales,
1818,MS01,MISCELLANEOUS,Miscellanous,Bengaluru,560076,Miscellanous,
1310,01DC,MAMAEARTH D2C,D2C,Hooghly,711302,SRF Kolkata,
1310,02DC,THE DERMACO D2C,D2C,Hooghly,711302,SRF Kolkata,
1310,03DC,AQUALOGICA D2C,D2C,Hooghly,711302,SRF Kolkata,
1310,04DC,AYUGA D2C,D2C,Hooghly,711302,SRF Kolkata,
1311,01DC,MAMAEARTH D2C,D2C,Thane,421302,Emiza Mumbai,
1311,02DC,THE DERMACO D2C,D2C,Thane,421302,Emiza Mumbai,
1311,03DC,AQUALOGICA D2C,D2C,Thane,421302,Emiza Mumbai,
1311,CO01,Common B2B,Common,Thane,421302,Mumbai Common,
1311,MYBC,MYNTRA B2C,Myntra,Thane,421302,Myntra - Emiza Mumbai,
1311,04DC,AYUGA D2C,D2C,Thane,421302,Emiza Mumbai,
1312,CO01,Common B2B,Common,Gurugram,122503,SRF Robinson,
1313,CO01,COMMON,Common,Hooghly,712250,Kolkata Common,
1313,01DC,MAMAEARTH D2C,D2C,Hooghly,712250,DLV Kolkata,
1313,02DC,THE DERMACO D2C,D2C,Hooghly,712250,DLV Kolkata,
1313,FKBC,FLIPKART B2C,Flipkart Smart,Hooghly,712250,Flipkart Backup,
1314,CO01,COMMON,Common,Gurugram,122506,SRF Robinson 2,
1314,01DC,MAMAEARTH D2C,D2C,Gurugram,122506,Emiza Delhi,
1313,MYBC,MYNTRA B2C,Myntra,Hooghly,712250,Myntra - Emiza Kolkata,
1313,MOBC,Meesho B2C,Meesho,Hooghly,712250,Meesho Kolkata,
1313,EBO1,EBO Primary,EBO Primary,Hooghly,712250,DLV Kolkata EBO,
1315,CO01,COMMON,Common,Mumbai,421302,Mumbai Common,
1315,01DC,MAMAEARTH D2C,D2C,Mumbai,421302,Emiza Mumbai,
1316,CO01,COMMON,Common,Farukhnagar,122506,SRF Robinson 3,
1501,HR01,FBA_DEL2,Amazon FBA,Gurugram,122506,DEL_CLUSTER,
1501,HR02,FBA_QNZZ,Amazon FBA,Gurugram,122506,Amazon North,
1501,HR03,FBA_DEL5,Amazon FBA,Gurugram,122506,Amazon North,
1501,HR04,FBA_DEL4,Amazon FBA,Gurugram,122506,Amazon North,
1501,HR05,FBA_DED3,Amazon FBA,Gurugram,122506,HRA_CLUSTER,
1501,HR06,Amazon_XFR*,Amazon FBA,Gurugram,122506,Amazon North,
1501,HR07,AMAZON_FBA_DEL9,Amazon FBA,Gurugram,122506,DEL_CLUSTER,
1502,DL01,Amazon_FBA_SDEF,Amazon FBA,New Delhi,110044,Amazon North,
1502,DL02,Amazon_FBA_SDED,Amazon FBA,New Delhi,110044,Amazon North,
1502,DL03,Amazon_FBA_SDEE,Amazon FBA,New Delhi,110044,Amazon North,
1502,DL04,Amazon_FBA_SDEJ,Amazon FBA,New Delhi,110044,Amazon North,
1819,SA01,Sales,EBO Sales,Bengaluru,560025,EBO Sales,
1502,DL05,Amazon_FBA_DEX3,Amazon FBA,New Delhi,110044,Amazon North,
1502,DL06,AMAZON_FBA_PNQ2,Amazon FBA,New Delhi,110044,Amazon North,
1502,DL07,Amazon_FBA_DEX6,Amazon FBA,New Delhi,110044,Amazon North,
1819,MS01,MISCELLANEOUS,Miscellanous,Bengaluru,560025,Miscellanous,
1502,DL08,Amazon_FBA_DEX8,Amazon FBA,New Delhi,110044,DEL_CLUSTER,
1503,WB01,Amazon_FBA_SCCC,Amazon FBA,Hooghly,700001,Amazon East,
1503,WB02,AMAZON_FBA_CCU1,Amazon FBA,Hooghly,700001,Amazon East,
1503,WB03,AMAZON_FBA_SCCF,Amazon FBA,Hooghly,700001,Amazon East,
1503,WB04,AMAZON_FBA_SCCG,Amazon FBA,Hooghly,700001,Amazon East,
1504,GJ01,Amazon_FBA-AMD,Amazon FBA,Ahmedabad,382220,Amazon West,
1504,GJ02,Amazon_FBA-AMD2,Amazon FBA,Ahmedabad,382220,Amazon West,
1820,SA01,Sales,EBO Sales,Bengaluru,560064,EBO Sales,
1820,MS01,MISCELLANEOUS,Miscellanous,Bengaluru,560064,Miscellanous,
1505,MH01,AMAZON_FBA_BOM5,Amazon FBA,Mumbai,410501,Amazon West,
1505,MH02,AMAZON_FBA_BOM7,Amazon FBA,Mumbai,410501,Amazon West,
1505,MH03,Amazon_FBA_BOM4,Amazon FBA,Mumbai,410501,Amazon West,
1821,SA01,Sales,EBO Sales,New Delhi,110078,EBO Sales,
1505,MH04,Amazon_FBA_NAG1,Amazon FBA,Mumbai,410501,Amazon West,
1821,MS01,MISCELLANEOUS,Miscellanous,New Delhi,110078,Miscellanous,
1505,MH05,Amazon_FBA_PNQ3,Amazon FBA,Mumbai,410501,PUN_CLUSTER,
1822,SA01,Sales,EBO Sales,PUNE,411014,EBO Sales,
1505,MH15,AMAZON_FBA_BOM5,Amazon FBA,Mumbai,410501,BOM_CLUSTER,
1506,TG01,Amazon_FBA_HYD8,Amazon FBA,Hyderabad,500108,Amazon South,
1506,TG02,Amazon_FBA_HYD3,Amazon FBA,Hyderabad,500108,Amazon South,
1822,MS01,MISCELLANEOUS,Miscellanous,PUNE,411014,Miscellanous,
1823,SA01,Sales,EBO Sales,Gurugram,122018,EBO Sales,
1507,KA01,Amazon_FBA_BLR5,Amazon FBA,Bengaluru,562114,Amazon South,
1507,KA02,Amazon_FBA_BLR7,Amazon FBA,Bengaluru,562114,Amazon South,
1823,MS01,MISCELLANEOUS,Miscellanous,Gurugram,122018,Miscellanous,
1824,SA01,Sales,EBO Sales,Ghaziabad,201017,EBO Sales,
1824,MS01,MISCELLANEOUS,Miscellanous,Ghaziabad,201017,Miscellanous,
1825,SA01,Sales,EBO Sales,Pune,411007,EBO Sales,
1825,MS01,MISCELLANEOUS,Miscellanous,Pune,411007,Miscellanous,
1826,SA01,Sales,EBO Sales,Bengaluru,560067,EBO Sales,
1826,MS01,MISCELLANEOUS,Miscellanous,Bengaluru,560067,Miscellanous,
1827,SA01,Sales,EBO Sales,Mumbai,400706,EBO Sales,
1827,MS01,MISCELLANEOUS,Miscellanous,Mumbai,400706,Miscellanous,
1828,SA01,Sales,EBO Sales,Bengaluru,560003,EBO Sales,
1828,MS01,MISCELLANEOUS,Miscellanous,Bengaluru,560003,Miscellanous,
1829,SA01,Sales,EBO Sales,Lucknow,226028,EBO Sales,
1829,MS01,MISCELLANEOUS,Miscellanous,Lucknow,226028,Miscellanous,
1830,SA01,Sales,EBO Sales,Lucknow,226005,EBO Sales,
1830,MS01,MISCELLANEOUS,Miscellanous,Lucknow,226005,Miscellanous,
1831,SA01,Sales,EBO Sales,Pune,411033,EBO Sales,
1831,MS01,MISCELLANEOUS,Miscellanous,Pune,411033,Miscellanous,
1832,SA01,Sales,EBO Sales,New Delhi,110034,EBO Sales,
1833,SA01,Sales,EBO Sales,New Delhi,110005,EBO Sales,
1834,SA01,Sales,EBO Sales,Agra,282002,EBO Sales,
1835,SA01,Sales,EBO Sales,Lucknow,221060,EBO Sales,
1835,MS01,MISCELLANEOUS,Miscellanous,Lucknow,221060,Miscellanous,
1836,SA01,Sales,EBO Sales,Mangalore,575001,EBO Sales,
1837,SA01,Sales,EBO Sales,Mysuru,570010,EBO Sales,
1839,SA01,Sales,EBO Sales,Hyderabad,500085,EBO Sales,
1840,SA01,Sales,EBO Sales,Aurangabad,431210,EBO Sales,
1842,SA01,Sales,EBO Sales,Lucknow,221060,EBO Sales,
1843,SA01,Sales,EBO Sales,Coimbatore,641035,EBO Sales,
1844,SA01,Sales,EBO Sales,Ludhiana,141008,EBO Sales,
1845,SA01,Sales,EBO Sales,Rajkot,360005,EBO Sales,
1846,SA01,Sales,EBO Sales,Bhopal,462001,EBO Sales,
1847,SA01,Sales,EBO Sales,Gwalior,474002,EBO Sales,
1848,SA01,Sales,EBO Sales,Ajmer,305004,EBO Sales,
1849,SA01,Sales,EBO Sales,Jaipur,302021,EBO Sales,
1850,SA01,Sales,EBO Sales,Hooghly,700054,EBO Sales,
1851,SA01,Sales,EBO Sales,Jamshedpur,831001,EBO Sales,
1852,SA01,Sales,EBO Sales,Jaipur,302004,EBO Sales,
1853,SA01,#REF!,#REF!,New Delhi,110018,EBO Sales,
1854,SA01,Sales,EBO Sales,Lucknow,226030,EBO Sales,
1855,SA01,Sales,EBO Sales,Cochin,682024,EBO Sales,
1856,SA01,Sales,EBO Sales,Calicut,673014,EBO Sales,
1857,SA01,Sales,EBO Sales,Bareilly,243002,EBO Sales,
ME11,FG01,Finished Goods,FG,New Delhi,110077,FG,
ME11,FG02,FG Import,FG,New Delhi,110077,FG,
1002,INT1,InTransit,Intransit,New Delhi,110077,Intransit,
1003,INT1,InTransit,Intransit,Bengaluru,562123,Intransit,
1301,PK01,PACKING MATERIAL,PM,New Delhi,110061,PM,
1302,INT1,InTransit,Intransit,Gurugram,122503,Intransit,
1303,INT1,InTransit,Intransit,Mumbai,421302,Intransit,
1304,INT1,InTransit,Intransit,Bengaluru,562124,Intransit,
1305,INT1,InTransit,Intransit,Howrah,711302,Intransit,
1306,INT1,InTransit,Intransit,Howrah,711302,Intransit,
1307,INT1,InTransit,Intransit,Howrah,711302,Intransit,
1308,INT1,InTransit,Intransit,Hyderabad,501401,Intransit,
1309,INT1,InTransit,Intransit,Howrah,711302,Intransit,
1310,INT1,InTransit,Intransit,Hooghly,711302,Intransit,
1311,INT1,InTransit,Intransit,Thane,421302,Intransit,
1501,INT1,InTransit,Intransit,Gurugram,122506,Intransit,
1502,INT1,InTransit,Intransit,New Delhi,110044,Intransit,
1503,INT1,InTransit,Intransit,Hooghly,700001,Intransit,
1504,INT1,InTransit,Intransit,Ahmedabad,382220,Intransit,
1505,INT1,InTransit,Intransit,Mumbai,410501,Intransit,
1506,INT1,InTransit,Intransit,Hyderabad,500108,Intransit,
1507,INT1,InTransit,Intransit,Bengaluru,562114,Intransit,
1508,INT1,InTransit,Intransit,Chennai,600002,Intransit,
1551,INT1,InTransit,Intransit,Gurugram,122001,Intransit,
1552,INT1,InTransit,Intransit,Hooghly,700001,Intransit,
1553,INT1,InTransit,Intransit,Mumbai,400001,Intransit,
1554,INT1,InTransit,Intransit,Hyderabad,501401,Intransit,
1555,INT1,InTransit,Intransit,Bengaluru,563130,Intransit,
1601,INT1,InTransit,Intransit,Ahmedabad,382427,Intransit,
1801,INT1,InTransit,Intransit,Gurugram,122001,Intransit,
1802,INT1,InTransit,Intransit,Gurugram,122001,Intransit,
1803,INT1,InTransit,Intransit,New Delhi,110007,Intransit,
1804,INT1,InTransit,Intransit,New Delhi,110017,Intransit,
1805,INT1,InTransit,Intransit,New Delhi,110063,Intransit,
1806,INT1,InTransit,Intransit,Noida,201304,Intransit,
1807,INT1,InTransit,Intransit,Chandigarh,160002,Intransit,
1808,INT1,InTransit,Intransit,Noida,201301,Intransit,
1809,INT1,InTransit,Intransit,New Delhi,110092,Intransit,
1810,INT1,InTransit,Intransit,Mumbai,400070,Intransit,
1811,INT1,InTransit,Intransit,Mumbai,400064,Intransit,
1812,INT1,InTransit,Intransit,Ghaziabad,201014,Intransit,
1813,INT1,InTransit,Intransit,Greater Noida,201301,Intransit,
1814,INT1,InTransit,Intransit,Ghaziabad,212214,Intransit,
1815,INT1,InTransit,Intransit,Gurugram,122001,Intransit,
1816,INT1,InTransit,Intransit,Bengaluru,560066,Intransit,
1817,INT1,InTransit,Intransit,Bengaluru,560066,Intransit,
1818,INT1,InTransit,Intransit,Bengaluru,560076,Intransit,
1819,INT1,InTransit,Intransit,Bengaluru,560025,Intransit,
1820,INT1,InTransit,Intransit,Bengaluru,560064,Intransit,
1826,INT1,InTransit,Intransit,Bengaluru,560067,Intransit,
1828,INT1,InTransit,Intransit,Bengaluru,560003,Intransit,
1858,SA01,Sales,EBO Sales,Indore,452016,EBO Sales,
1859,SA01,Sales,EBO Sales,Dehradun,248001,EBO Sales,
1860,SA01,Sales,EBO Sales,Hyderabad,500084,EBO Sales,
1861,SA01,Sales,EBO Sales,New Delhi,110016,EBO Sales,
1862,SA01,Sales,EBO Sales,Haldwani,263126,EBO Sales,
1863,SA01,Sales,EBO Sales,Ghaziabad,201014,EBO Sales,
1864,SA01,Sales,EBO Sales,Thiruvananthapuram,695024,EBO Sales,
1865,SA01,Sales,EBO Sales,Udaipur,313004,EBO Sales,
1866,SA01,Sales,EBO Sales,New Delhi,110077,EBO Sales,
1868,SA01,Sales,EBO Sales,Guwahati,781005,EBO Sales,
1869,SA01,Sales,EBO Sales,Bilaspur,495004,EBO Sales,
1870,SA01,Sales,EBO Sales,Bhilai,490020,EBO Sales,
1871,SA01,Sales,EBO Sales,Ghaziabad,201014,EBO Sales,
1872,SA01,Sales,EBO Sales,Siliguri,734001,EBO Sales,
1873,SA01,Sales,EBO Sales,Siliguri,734010,EBO Sales,
1874,SA01,Sales,EBO Sales,Surat,395007,EBO Sales,
1875,SA01,Sales,EBO Sales,Ludhiana,141122,EBO Sales,
1877,SA01,Sales,EBO Sales,Durgapur,713216,EBO Sales,
1877,MS01,MISCELLANOUS,Miscellanous,Durgapur,713216,Miscellanous,
1878,SA01,Sales,EBO Sales,Udaipur,313001,EBO Sales,
1879,SA01,Sales,EBO Sales,Chennai,600026,EBO Sales,
1879,MS01,MISCELLANOUS,Miscellanous,Chennai,600026,Miscellanous,
1880,SA01,Sales,EBO Sales,Trivandrum,695029,EBO Sales,
1880,MS01,MISCELLANOUS,Miscellanous,Trivandrum,695029,Miscellanous,
1881,SA01,Sales,EBO Sales,Kota,324005,EBO Sales,
1882,SA01,Sales,EBO Sales,Bengaluru,560092,EBO Sales,
1882,MS01,MISCELLANOUS,Miscellanous,Bengaluru,560092,Miscellanous,
1883,SA01,Sales,EBO Sales,PUNE,411057,EBO Sales,
1883,MS01,MISCELLANOUS,Miscellanous,PUNE,411057,Miscellanous,
1885,SA01,Sales,EBO Sales,Hyderabad,500081,EBO Sales,
1885,MS01,MISCELLANOUS,Miscellanous,Hyderabad,500081,Miscellanous,
1887,SA01,Sales,EBO Sales,Hyderabad,500040,EBO Sales,
1887,MS01,MISCELLANOUS,Miscellanous,Hyderabad,500040,Miscellanous,
1888,SA01,Sales,EBO Sales,Rourkela,769004,EBO Sales,
1888,MS01,MISCELLANOUS,Miscellanous,Rourkela,769004,Miscellanous,
1889,SA01,Sales,EBO Sales,Gurugram,122001,EBO Sales,
1889,MS01,MISCELLANOUS,Miscellanous,Gurugram,122001,Miscellanous,
1890,SA01,Sales,EBO Sales,Bhuwaneshwar,751014,EBO Sales,
1890,MS01,MISCELLANOUS,Miscellanous,Bhuwaneshwar,751014,Miscellanous,
1891,SA01,Sales,EBO Sales,Raipur,492007,EBO Sales,
1891,MS01,MISCELLANOUS,Miscellanous,Raipur,492007,Miscellanous,
1892,SA01,Sales,EBO Sales,New Delhi,110085,EBO Sales,
1892,MS01,MISCELLANOUS,Miscellanous,New Delhi,110085,Miscellanous,
1893,SA01,Sales,EBO Sales,New Delhi,110024,EBO Sales,
1893,MS01,MISCELLANOUS,Miscellanous,New Delhi,110024,Miscellanous,
1894,SA01,Sales,EBO Sales,Mumbai,400086,EBO Sales,
1894,MS01,MISCELLANOUS,Miscellanous,Mumbai,400086,Miscellanous,
1895,SA01,Sales,EBO Sales,Ahmedabad,380054,EBO Sales,
1895,MS01,MISCELLANOUS,Miscellanous,Ahmedabad,380054,Miscellanous,
1897,SA01,Sales,EBO Sales,Meerut,250001,EBO Sales,
1897,MS01,MISCELLANOUS,Miscellanous,Meerut,250001,Miscellanous,
1898,SA01,Sales,EBO Sales,Kanpur,208001,EBO Sales,
1898,MS01,MISCELLANOUS,Miscellanous,Kanpur,208001,Miscellanous,
1899,SA01,Sales,EBO Sales,Hyderabad,500082,EBO Sales,
1001,KITS,Kitting,Other,Gurugram,122503,Other,
ME00,ME01,Mamaearth,Other,Gurugram,122004,Other,
ME10,ME01,Mamaearth,Other,Gurugram,131221,Other,
1000,NT01,CONSUMABLES,Other,Gurugram,122101,Other,
1001,NT01,CONSUMABLES,Other,Gurugram,122503,Other,
1002,NT01,CONSUMABLES,Other,New Delhi,110077,Other,
1003,NT01,CONSUMABLES,Other,Bengaluru,562123,Other,
1301,RT01,RETURN,Return,New Delhi,110061,Return,
1302,NT01,CONSUMABLES,Other,Gurugram,122503,Other,
1303,NT01,CONSUMABLES,Other,Mumbai,421302,Other,
1304,NT01,CONSUMABLES,Other,Bengaluru,562124,Other,
1305,NT01,CONSUMABLES,Other,Howrah,711302,Other,
1306,NT01,CONSUMABLES,Other,Howrah,711302,Other,
1307,NT01,CONSUMABLES,Other,Howrah,711302,Other,
1308,NT01,CONSUMABLES,Other,Hyderabad,501401,Other,
1309,NT01,CONSUMABLES,Other,Howrah,711302,Other,
1310,NT01,CONSUMABLES,Other,Hooghly,711302,Other,
1311,NT01,CONSUMABLES,Other,Thane,421302,Other,
1801,NT01,CONSUMABLES,Other,Gurugram,122001,Other,
1802,NT01,CONSUMABLES,Other,Gurugram,122001,Other,
1803,NT01,CONSUMABLES,Other,New Delhi,110007,Other,
1804,NT01,CONSUMABLES,Other,New Delhi,110017,Other,
1805,NT01,CONSUMABLES,Other,New Delhi,110063,Other,
1806,NT01,CONSUMABLES,Other,Noida,201304,Other,
1807,NT01,CONSUMABLES,Other,Chandigarh,160002,Other,
1808,NT01,CONSUMABLES,Other,Noida,201301,Other,
1809,NT01,CONSUMABLES,Other,New Delhi,110092,Other,
1810,NT01,CONSUMABLES,Other,Mumbai,400070,Other,
1811,NT01,CONSUMABLES,Other,Mumbai,400064,Other,
1812,NT01,CONSUMABLES,Other,Ghaziabad,201014,Other,
1813,NT01,CONSUMABLES,Other,Greater Noida,201301,Other,
1814,NT01,CONSUMABLES,Other,Ghaziabad,212214,Other,
1815,NT01,CONSUMABLES,Other,Gurugram,122001,Other,
1816,NT01,CONSUMABLES,Other,Bengaluru,560066,Other,
1817,NT01,CONSUMABLES,Other,Bengaluru,560066,Other,
1818,NT01,CONSUMABLES,Other,Bengaluru,560076,Other,
1819,NT01,CONSUMABLES,Other,Bengaluru,560025,Other,
1820,NT01,CONSUMABLES,Other,Bengaluru,560064,Other,
1821,NT01,CONSUMABLES,Other,New Delhi,110078,Other,
1822,NT01,CONSUMABLES,Other,PUNE,411014,Other,
1823,NT01,CONSUMABLES,Other,Gurugram,122018,Other,
1824,NT01,CONSUMABLES,Other,Ghaziabad,201017,Other,
1825,NT01,CONSUMABLES,Other,Pune,411007,Other,
1826,NT01,CONSUMABLES,Other,Bengaluru,560067,Other,
1827,NT01,CONSUMABLES,Other,Mumbai,400706,Other,
1828,NT01,CONSUMABLES,Other,Bengaluru,560003,Other,
1829,NT01,CONSUMABLES,Other,Lucknow,226028,Other,
1830,NT01,CONSUMABLES,Other,Lucknow,226005,Other,
1831,NT01,CONSUMABLES,Other,Pune,411033,Other,
1835,NT01,CONSUMABLES,Other,Lucknow,221060,Other,
1001,PH01,Physical,Other,Gurugram,122503,Other,
1000,PK01,PACKING MATERIAL,PM,Gurugram,122101,PM,
1001,PK01,PACKING MATERIAL,PM,Gurugram,122503,PM,
1002,PK01,PACKING MATERIAL,PM,New Delhi,110077,PM,
1003,PK01,PACKING MATERIAL,PM,Bengaluru,562123,PM,
1301,SR01,SHORT RECEIPT,Short,New Delhi,110061,Short,
1302,PK01,PACKING MATERIAL,PM,Gurugram,122503,PM,
1303,PK01,PACKING MATERIAL,PM,Mumbai,421302,PM,
1304,PK01,PACKING MATERIAL,PM,Bengaluru,562124,PM,
1305,PK01,PACKING MATERIAL,PM,Howrah,711302,PM,
1306,PK01,PACKING MATERIAL,PM,Howrah,711302,PM,
1307,PK01,PACKING MATERIAL,PM,Howrah,711302,PM,
1308,PK01,PACKING MATERIAL,PM,Hyderabad,501401,PM,
1309,PK01,PACKING MATERIAL,PM,Howrah,711302,PM,
1310,PK01,PACKING MATERIAL,PM,Hooghly,711302,PM,
1311,PK01,PACKING MATERIAL,PM,Thane,421302,PM,
1801,PK01,PACKING MATERIAL,PM,Gurugram,122001,PM,
1802,PK01,PACKING MATERIAL,PM,Gurugram,122001,PM,
1803,PK01,PACKING MATERIAL,PM,New Delhi,110007,PM,
1804,PK01,PACKING MATERIAL,PM,New Delhi,110017,PM,
1805,PK01,PACKING MATERIAL,PM,New Delhi,110063,PM,
1806,PK01,PACKING MATERIAL,PM,Noida,201304,PM,
1807,PK01,PACKING MATERIAL,PM,Chandigarh,160002,PM,
1808,PK01,PACKING MATERIAL,PM,Noida,201301,PM,
1809,PK01,PACKING MATERIAL,PM,New Delhi,110092,PM,
1810,PK01,PACKING MATERIAL,PM,Mumbai,400070,PM,
1811,PK01,PACKING MATERIAL,PM,Mumbai,400064,PM,
1812,PK01,PACKING MATERIAL,PM,Ghaziabad,201014,PM,
1813,PK01,PACKING MATERIAL,PM,Greater Noida,201301,PM,
1814,PK01,PACKING MATERIAL,PM,Ghaziabad,212214,PM,
1815,PK01,PACKING MATERIAL,PM,Gurugram,122001,PM,
1816,PK01,PACKING MATERIAL,PM,Bengaluru,560066,PM,
1817,PK01,PACKING MATERIAL,PM,Bengaluru,560066,PM,
1818,PK01,PACKING MATERIAL,PM,Bengaluru,560076,PM,
1819,PK01,PACKING MATERIAL,PM,Bengaluru,560025,PM,
1820,PK01,PACKING MATERIAL,PM,Bengaluru,560064,PM,
1821,PK01,PACKING MATERIAL,PM,New Delhi,110078,PM,
1822,PK01,PACKING MATERIAL,PM,PUNE,411014,PM,
1823,PK01,PACKING MATERIAL,PM,Gurugram,122018,PM,
1824,PK01,PACKING MATERIAL,PM,Ghaziabad,201017,PM,
1825,PK01,PACKING MATERIAL,PM,Pune,411007,PM,
1826,PK01,PACKING MATERIAL,PM,Bengaluru,560067,PM,
1827,PK01,PACKING MATERIAL,PM,Mumbai,400706,PM,
1828,PK01,PACKING MATERIAL,PM,Bengaluru,560003,PM,
1829,PK01,PACKING MATERIAL,PM,Lucknow,226028,PM,
1830,PK01,PACKING MATERIAL,PM,Lucknow,226005,PM,
1831,PK01,PACKING MATERIAL,PM,Pune,411033,PM,
1835,PK01,PACKING MATERIAL,PM,Lucknow,221060,PM,
ME11,PM01,Packing,PM,New Delhi,110077,PM,
1001,SMP1,QC Sampling,QC,Gurugram,122503,QC,
1001,RT01,CUSTOMER RETURN,Return,Gurugram,122503,Return,
1002,RT01,RETURN,Return,New Delhi,110077,Return,
1003,RT01,RETURN,Return,Bengaluru,562123,Return,
1301,CO01,COMMON,Common,New Delhi,110077,Dwarka - Ecom B2C,
1302,RT01,RETURN,Return,Gurugram,122503,Return,
1303,RT01,RETURN,Return,Mumbai,421302,Return,
1507,KA03,AMAZON_FBA_BLR8,Amazon FBA,Bengaluru,562114,Amazon South,
1508,TN01,Amazon_FBA_MAA5,Amazon FBA,Chennai,600002,Amazon South,
1508,TN02,Amazon_FBA_SCJA,Amazon FBA,Chennai,600002,Amazon South,
1508,TN03,Amazon_FBA_MAA4,Amazon FBA,Chennai,600002,Amazon South,
1508,TN07,Amazon_FBA_TN7,Amazon FBA,Chennai,600002,COI_CLUSTER,
1509,UP02,Amazon_FBA_LKO,Amazon FBA,Noida,201301,LKO_CLUSTER,
1513,PB01,Amazon_FBA_LUD,Amazon FBA,Ludhiana,141113,SAT_CLUSTER,
1304,RT01,RETURN,Return,Bengaluru,562124,Return,
1551,HR01,FLIPKART_FRK_BTS,Flipkart FBF,Gurugram,122001,DR_NewDelhi,
1305,RT01,RETURN,Return,Howrah,711302,Return,
1551,HR02,FLIPKART_BIL,Flipkart FBF,Gurugram,122001,DR_NewDelhi,
1551,HR03,FLIPKART_GUR_SAN,Flipkart FBF,Gurugram,122001,DR_NewDelhi,
1551,HR04,FLIPKART_BINOLA,Flipkart FBF,Gurugram,122001,DR_NewDelhi,
1552,WB01,FLIPKART_ULUB_BT,Flipkart FBF,Hooghly,700001,DR_Kolkata,
1306,RT01,RETURN,Return,Howrah,711302,Return,
1307,RT01,RETURN,Return,Howrah,711302,Return,
1308,RT01,RETURN,Return,Hyderabad,501401,Return,
1309,RT01,RETURN,Return,Howrah,711302,Return,
1310,RT01,RETURN,Return,Hooghly,711302,Return,
1311,RT01,RETURN,Return,Thane,421302,Return,
1801,RT01,Return,Return,Gurugram,122001,Return,
1802,RT01,Return,Return,Gurugram,122001,Return,
1803,RT01,Return,Return,New Delhi,110007,Return,
1804,RT01,Return,Return,New Delhi,110017,Return,
1805,RT01,Return,Return,New Delhi,110063,Return,
1806,RT01,Return,Return,Noida,201304,Return,
1807,RT01,Return,Return,Chandigarh,160002,Return,
1808,RT01,Return,Return,Noida,201301,Return,
1809,RT01,Return,Return,New Delhi,110092,Return,
1810,RT01,Return,Return,Mumbai,400070,Return,
1811,RT01,Return,Return,Mumbai,400064,Return,
1552,WB02,FLIPKART_KOL_SAN,Flipkart FBF,Hooghly,700001,DR_Kolkata,
1812,RT01,Return,Return,Ghaziabad,201014,Return,
1813,RT01,Return,Return,Greater Noida,201301,Return,
1814,RT01,Return,Return,Ghaziabad,212214,Return,
1815,RT01,Return,Return,Gurugram,122001,Return,
1816,RT01,Return,Return,Bengaluru,560066,Return,
1817,RT01,Return,Return,Bengaluru,560066,Return,
1818,RT01,Return,Return,Bengaluru,560076,Return,
1819,RT01,Return,Return,Bengaluru,560025,Return,
1820,RT01,Return,Return,Bengaluru,560064,Return,
1821,RT01,Return,Return,New Delhi,110078,Return,
1822,RT01,Return,Return,PUNE,411014,Return,
1823,RT01,Return,Return,Gurugram,122018,Return,
1824,RT01,Return,Return,Ghaziabad,201017,Return,
1825,RT01,Return,Return,Pune,411007,Return,
1826,RT01,Return,Return,Bengaluru,560067,Return,
1827,RT01,Return,Return,Mumbai,400706,Return,
1828,RT01,Return,Return,Bengaluru,560003,Return,
1829,RT01,Return,Return,Lucknow,226028,Return,
1830,RT01,Return,Return,Lucknow,226005,Return,
1831,RT01,Return,Return,Pune,411033,Return,
1835,RT01,Return,Return,Lucknow,221060,Return,
1001,RT02,VENDOR RETURN,Return,Gurugram,122503,Return,
1001,RT03,FBA/FBF STO Ret.,Return,Gurugram,122503,Honasa Consumer Pvt Ltd_B2B GGN 2.0,
1001,RT04,STO RETURN,Return,Gurugram,122503,Honasa Consumer Pvt Ltd_B2B GGN 2.0,
1312,RT01,CUSTOMER RETURN,Return,Gurugram,122503,Return,
1312,RT04,STO RETURN,Return,Gurugram,122503,Return,
1001,SR01,SHORT RECEIPT,Short,Gurugram,122503,Short,
1002,SR01,SHORT RECEIPT,Short,New Delhi,110077,Short,
1003,SR01,SHORT RECEIPT,Short,Bengaluru,562123,Short,
1317,SL01,Extra,Extra,Farukhnagar,122506,,
1302,SR01,SHORT RECEIPT,Short,Gurugram,122503,Short,
1303,SR01,SHORT RECEIPT,Short,Mumbai,421302,Short,
1304,SR01,SHORT RECEIPT,Short,Bengaluru,562124,Short,
1305,SR01,SHORT RECEIPT,Short,Howrah,711302,Short,
1306,SR01,SHORT RECEIPT,Short,Howrah,711302,Short,
1307,SR01,SHORT RECEIPT,Short,Howrah,711302,Short,
1308,SR01,SHORT RECEIPT,Short,Hyderabad,501401,Short,
1309,SR01,SHORT RECEIPT,Short,Howrah,711302,Short,
1310,SR01,SHORT RECEIPT,Short,Hooghly,711302,Short,
1311,SR01,SHORT RECEIPT,Short,Thane,421302,Short,
1801,SR01,Short Receipt,Short,Gurugram,122001,Short,
1802,SR01,Short Receipt,Short,Gurugram,122001,Short,
1803,SR01,Short Receipt,Short,New Delhi,110007,Short,
1804,SR01,Short Receipt,Short,New Delhi,110017,Short,
1552,WB03,FLIPKART_KOL_DAN,Flipkart FBF,Hooghly,700001,DR_Kolkata,
1805,SR01,Short Receipt,Short,New Delhi,110063,Short,
1806,SR01,Short Receipt,Short,Noida,201304,Short,
1807,SR01,Short Receipt,Short,Chandigarh,160002,Short,
1808,SR01,Short Receipt,Short,Noida,201301,Short,
1809,SR01,Short Receipt,Short,New Delhi,110092,Short,
1810,SR01,Short Receipt,Short,Mumbai,400070,Short,
1811,SR01,Short Receipt,Short,Mumbai,400064,Short,
1812,SR01,Short Receipt,Short,Ghaziabad,201014,Short,
1813,SR01,Short Receipt,Short,Greater Noida,201301,Short,
1814,SR01,Short Receipt,Short,Ghaziabad,212214,Short,
1815,SR01,Short Receipt,Short,Gurugram,122001,Short,
1816,SR01,Short Receipt,Short,Bengaluru,560066,Short,
1817,SR01,Short Receipt,Short,Bengaluru,560066,Short,
1818,SR01,Short Receipt,Short,Bengaluru,560076,Short,
1819,SR01,Short Receipt,Short,Bengaluru,560025,Short,
1820,SR01,Short Receipt,Short,Bengaluru,560064,Short,
1821,SR01,Short Receipt,Short,New Delhi,110078,Short,
1822,SR01,Short Receipt,Short,PUNE,411014,Short,
1823,SR01,Short Receipt,Short,Gurugram,122018,Short,
1824,SR01,Short Receipt,Short,Ghaziabad,201017,Short,
1825,SR01,Short Receipt,Short,Pune,411007,Short,
1826,SR01,Short Receipt,Short,Bengaluru,560067,Short,
1827,SR01,Short Receipt,Short,Mumbai,400706,Short,
1828,SR01,Short Receipt,Short,Bengaluru,560003,Short,
1829,SR01,Short Receipt,Short,Lucknow,226028,Short,
1830,SR01,Short Receipt,Short,Lucknow,226005,Short,
1553,MH01,FK_Bhiwandi,Flipkart FBF,Mumbai,400001,DR_Mumbai,
1831,SR01,Short Receipt,Short,Pune,411033,Short,
1835,SR01,Short Receipt,Short,Lucknow,221060,Short,
ME11,SR01,Short,Short,New Delhi,110077,Short,
1601,GJ01,Smytten,Smytten,Ahmedabad,382427,Smytten,
1899,MS01,MISCELLANOUS,Miscellanous,Hyderabad,500082,Miscellanous,
1900,SA01,Sales,EBO Sales,Hyderabad,500036,EBO Sales,
1554,TG01,FK_Secundrabad,Flipkart FBF,Hyderabad,501401,DR_Hyderabad,
1900,MS01,MISCELLANOUS,Miscellanous,Hyderabad,500036,Miscellanous,
1555,KA01,FLIPKART_BAN_VEN,Flipkart FBF,Bengaluru,563130,DR_Bangalore,
1316,CO03,EWM-CW-CSD,CSD,Farukhnagar,122506,SRF Robinson 3,
1901,SA01,Sales,EBO Sales,Howrah,711102,EBO Sales,
1901,MS01,MISCELLANOUS,Miscellanous,Howrah,711102,Miscellanous,
1902,SA01,Sales,EBO Sales,Hooghly,700020,EBO Sales,
1902,MS01,MISCELLANOUS,Miscellanous,Hooghly,700020,Miscellanous,
1903,SA01,Sales,EBO Sales,Thrissur,680553,EBO Sales,
1555,KA02,FLIPKART_BLR_WFL,Flipkart FBF,Bengaluru,563130,DR_Bangalore,
1555,KA03,FLIPKART_MALUR_B,Flipkart FBF,Bengaluru,563130,DR_Bangalore,
1903,MS01,MISCELLANOUS,Miscellanous,Thrissur,680553,Miscellanous,
1904,SA01,Sales,EBO Sales,Lucknow,226010,EBO Sales,
1904,MS01,MISCELLANOUS,Miscellanous,Lucknow,226010,Miscellanous,
1905,SA01,#REF!,#REF!,Surat,395007,EBO Sales,
1905,MS01,MISCELLANOUS,Miscellanous,Surat,395007,Miscellanous,
1907,SA01,Sales,EBO Sales,Kalyan,421306,EBO Sales,
1907,MS01,MISCELLANOUS,Miscellanous,Kalyan,421306,Miscellanous,
1908,SA01,Sales,EBO Sales,Indore,452010,EBO Sales,
1908,MS01,MISCELLANOUS,Miscellanous,Indore,452010,Miscellanous,
1910,SA01,Sales,EBO Sales,Chennai,603103,EBO Sales,
1556,RJ01,Flipkart_FBF_SJIT,Flipkart FBF,Jaipur,302026,FW_Jaipur,
1910,MS01,MISCELLANOUS,Miscellanous,Chennai,603103,Miscellanous,
1911,SA01,Sales,EBO Sales,Hyderabad,500050,EBO Sales,
1911,MS01,MISCELLANOUS,Miscellanous,Hyderabad,500050,Miscellanous,
1912,SA01,Sales,EBO Sales,Chennai,600027,EBO Sales,
1912,MS01,MISCELLANOUS,Miscellanous,Chennai,600027,Miscellanous,
1913,SA01,Sales,EBO Sales,Jabalpur,482008,EBO Sales,
1913,MS01,MISCELLANOUS,Miscellanous,Jabalpur,482008,Miscellanous,
1915,SA01,Sales,EBO Sales,Rourkela,769015,EBO Sales,
1915,MS01,MISCELLANOUS,Miscellanous,Rourkela,769015,Miscellanous,
1312,LS01,Loose,Loose,Gurugram,122503,Loose,
1916,SA01,Sales,EBO Sales,Lucknow,226012,EBO Sales,
1916,MS01,MISCELLANOUS,Miscellanous,Lucknow,226012,Miscellanous,
1917,SA01,Sales,EBO Sales,Hooghly,700129,EBO Sales,
1917,MS01,MISCELLANOUS,Miscellanous,Hooghly,700129,Miscellanous,
1918,SA01,Sales,EBO Sales,Dhanbad,826004,EBO Sales,
1918,MS01,MISCELLANOUS,Miscellanous,Dhanbad,826004,Miscellanous,
1312,RT03,FBA/FBF STO Ret.,Return,Gurugram,122503,Return,
1919,SA01,Sales,EBO Sales,Ghaziabad,201001,EBO Sales,
1919,MS01,MISCELLANOUS,Miscellanous,Ghaziabad,201001,Miscellanous,
1920,SA01,Sales,EBO Sales,Chennai,600029,EBO Sales,
1920,MS01,MISCELLANOUS,Miscellanous,Chennai,600029,Miscellanous,
1921,SA01,Sales,EBO Sales,Kozhikode,673016,EBO Sales,
1921,MS01,MISCELLANOUS,Miscellanous,Kozhikode,673016,Miscellanous,
1922,SA01,Sales,EBO Sales,Kannur,670018,EBO Sales,
1922,MS01,MISCELLANOUS,Miscellanous,Kannur,670018,Miscellanous,
1923,MS01,MISCELLANOUS,Miscellanous,Bengaluru,560064,Miscellanous,
1304,06DC,BBLUNT D2C,D2C,Bengaluru,562124,Emiza Bangalore,
1315,02DC,THE DERMACO D2C,D2C,Mumbai,421302,Emiza Mumbai,
1004,MROD,COMMON,Common,Gurugram,122504,3PL MW,
1923,SA01,#REF!,#REF!,Bengaluru,560064,EBO Sales,
1316,06DC,BBLUNT D2C,D2C,Farukhnagar,122506,SRF Pataudi,
1315,FKBC,FLIPKART B2C,Flipkart Smart,Mumbai,421302,Flipkart Backup,
1315,03DC,AQUALOGICA D2C,D2C,Mumbai,421302,Emiza Mumbai,
1559,UP01,FLIPKART_Lucknow,Flipkart FBF,Lucknow,302026,FW_Lucknow,
1924,MS01,MISCELLANOUS,Miscellanous,Jammu,180015,Miscellanous,
1924,SA01,#REF!,#REF!,Jammu,180015,Miscellanous,
1925,MS01,MISCELLANOUS,Miscellanous,Bathinda,151101,Miscellanous,
1925,SA01,#REF!,#REF!,Bathinda,151101,EBO Sales,
1926,SA01,#REF!,#REF!,Vadodara,390011,EBO Sales,
1926,MS01,MISCELLANOUS,Miscellanous,Vadodara,390011,Miscellanous,
1927,MS01,MISCELLANOUS,Miscellanous,Salem,636004,Miscellanous,
1927,SA01,#REF!,#REF!,Salem,636004,EBO Sales,
1928,MS01,MISCELLANOUS,Miscellanous,Mohali,160062,Miscellanous,
1928,SA01,#REF!,#REF!,Mohali,160062,EBO Sales,
1930,MS01,MISCELLANOUS,Miscellanous,Mumbai,400705,Miscellanous,
1930,SA01,#REF!,#REF!,Mumbai,400705,EBO Sales,
1003,01DC,MAMAEARTH D2C,D2C,Bengaluru,562123,Emiza Bangalore,
1003,02DC,THE DERMACO D2C,D2C,Bengaluru,562123,Emiza Bangalore,
1003,03DC,AQUALOGICA D2C,D2C,Bengaluru,562123,Emiza Bangalore,
1003,04DC,AYUGA D2C,D2C,Bengaluru,562123,Emiza Bangalore,
1003,AZBC,AMAZON B2C,Amazon Flex,Bengaluru,562123,Amazon South,
1003,FKBC,FLIPKART B2C,Flipkart Smart,Bengaluru,562123,Flipkart South,
1003,MYBC,MYNTRA B2C,Myntra,Bengaluru,562123,Myntra - Emiza Bangalore,
1316,03DC,AQUALOGICA D2C,D2C,Farukhnagar,122506,SRF Pataudi,
1316,01DC,MAMAEARTH D2C,D2C,Farukhnagar,122506,SRF Pataudi,
1316,02DC,THE DERMACO D2C,D2C,Farukhnagar,122506,SRF Pataudi,
1316,04DC,AYUGA D2C,D2C,Farukhnagar,122506,SRF Pataudi,
1304,MOBC,Meesho B2C,Meesho,Bengaluru,562124,Meesho Bangalore,
1303,MOBC,Meesho B2C,Meesho,Mumbai,421302,Meesho Mumbai,
1315,MYBC,MYNTRA B2C,Myntra,Mumbai,421302,Myntra - Emiza Mumbai,
1004,M001,COMMON,Common,Gurugram,122504,3PL MW,
1004,M002,COMMON,Common,Gurugram,122504,3PL MW RSM,
1004,M003,COMMON,Common,Gurugram,122504,3PL MW CSD,
1315,DM01,DAMAGE,Damage,Mumbai,421302,Damage,
1002,CO02,COMMON,Common,New Delhi,110077,Dwarka - Ecom B2C,
1004,RT04,STO RETURN,Return,Gurugram,122504,3PL MW,
1317,MS01,MISCELLANOUS,Miscellanous,Farukhnagar,122506,Miscellanous,
1316,07DC,Pure Origin D2C,D2C,Farukhnagar,122506,SRF Pataudi,
1507,KA08,AMAZON_FMA_BLR4,Amazon FBA,Bengaluru,562114,Amazon South,
1653,MH01,MYN_MH_BHI1,Myntra SJIT,Bhiwandi,421101,Myntra SJIT West,
1652,KA01,MYNKA_BLR1,Myntra SJIT,Bangalore,560067,Myntra SJIT South,
1651,HR02,MYN_HR_GGN02,Myntra SJIT,Gurgaon,122413,Myntra SJIT North,
1931,SA01,#REF!,#REF!,Cochin,682035,EBO Sales,
1931,MS01,MISCELLANOUS,Miscellanous,Cochin,682035,Miscellanous,
1932,SA01,#REF!,#REF!,Gurugram,122004,EBO Sales,
1933,SA01,#REF!,#REF!,Mumbai,401209,EBO Sales,
1934,SA01,#REF!,#REF!,Cochin,682024,EBO Sales,
1935,MS01,MISCELLANOUS,Miscellanous,Mumbai,400606,Miscellanous,
1654,WB01,MYN_WB_KOL1,Myntra SJIT,Hooghly,712223,Myntra SJIT East,
1935,SA01,#REF!,#REF!,Mumbai,400606,EBO Sales,
1936,MS01,MISCELLANOUS,Miscellanous,Pune,411057,Miscellanous,
1936,SA01,#REF!,#REF!,Pune,411057,EBO Sales,
1937,SA01,#REF!,#REF!,Mumbai,400706,EBO Sales,
1939,SA01,#REF!,#REF!,Pune,411060,EBO Sales,
1941,SA01,#REF!,#REF!,Kottayam,686004,EBO Sales,
1942,MS01,MISCELLANOUS,Miscellanous,Ranchi,834001,Miscellanous,
1942,SA01,#REF!,#REF!,Ranchi,834001,EBO Sales,
1943,SA01,#REF!,#REF!,Pune,411001,EBO Sales,
1944,SA01,#REF!,#REF!,Kolkata,700055,EBO Sales,
1945,SA01,#REF!,#REF!,Dhanbad,828127,EBO Sales,
1946,SA01,#REF!,#REF!,Vadodara,390023,EBO Sales,
1947,MS01,MISCELLANOUS,Miscellanous,Jaipur,302021,Miscellanous,
1316,YOTO,YOTO,YOTO,Farukhnagar,122506,GGN YOTO,
1316,EBO1,EBO Primary,EBO Primary,Farukhnagar,122506,SRF Pataudi EBO,
1304,EBO1,EBO Primary,EBO Primary,Bengaluru,562124,Emiza Bangalore EBO,
1308,EBO1,EBO Primary,EBO Primary,Hyderabad,501401,Emiza Hyderabad EBO,
1315,MOBC,Meesho B2C,Meesho,Mumbai,421302,Meesho Mumbai,
1315,EBO1,EBO Primary,EBO Primary,Mumbai,421302,Emiza Mumbai EBO,
1315,06DC,BBLUNT D2C,D2C,Mumbai,421302,Emiza Mumbai,
1313,06DC,BBLUNT D2C,D2C,Hooghly,712250,DLV Kolkata,
1313,03DC,AQUALOGICA D2C,D2C,Hooghly,712250,DLV Kolkata,
1317,06DC,BBLUNT D2C,D2C,Farukhnagar,122506,SRF Pataudi,
1317,03DC,AQUALOGICA D2C,D2C,Farukhnagar,122506,,
1317,01DC,MAMAEARTH D2C,D2C,Farukhnagar,122506,,
1317,02DC,THE DERMACO D2C,D2C,Farukhnagar,122506,SRF Pataudi,
1317,04DC,AYUGA D2C,D2C,Farukhnagar,122506,,
1317,07DC,Pure Origin D2C,D2C,Farukhnagar,122506,,
1317,CO01,Common,Common,Farukhnagar,122506,Honasa Consumer Pvt Ltd_B2B GGN 3.0,
1317,RT04,STO RETURN,Return,Farukhnagar,122506,Honasa Consumer Pvt Ltd_B2B GGN 3.0,
1947,SA01,#REF!,#REF!,Jaipur,302021,EBO Sales,
1948,MS01,MISCELLANOUS,Miscellanous,Darjeeling,734101,Miscellanous,
1948,SA01,#REF!,#REF!,Darjeeling,734101,EBO Sales,
1950,MS01,MISCELLANOUS,Miscellanous,Bilaspur,495001,Miscellanous,
1950,SA01,#REF!,#REF!,Bilaspur,495001,EBO Sales,
1951,SA01,#REF!,#REF!,Muzaffarpur,842001,EBO Sales,
1952,SA01,#REF!,#REF!,Rajkot,360005,EBO Sales,
1953,SA01,#REF!,#REF!,Surat,395002,EBO Sales,
1954,SA01,#REF!,#REF!,Gurgaon,122003,EBO Sales,
1955,SA01,#REF!,#REF!,Kota,324007,EBO Sales,
1957,SA01,#REF!,#REF!,Dehradun,#N/A,EBO Sales,
1959,SA01,#REF!,#REF!,Delhi,#N/A,EBO Sales,
1960,SA01,#REF!,#REF!,Hyderabad,#N/A,EBO Sales,
1961,SA01,#REF!,#REF!,Amritsar,143001,EBO Sales,
1962,SA01,#REF!,#REF!,Anand,#N/A,EBO Sales,
1963,SA01,#REF!,#REF!,Surat,#N/A,EBO Sales,
1964,SA01,#REF!,#REF!,Pune,411014,EBO Sales,
1965,SA01,#REF!,#REF!,Bhubaneshwar,#N/A,EBO Sales,
1966,SA01,#REF!,#REF!,Banglore,#N/A,EBO Sales,
1967,SA01,#REF!,#REF!,Banglore,#N/A,EBO Sales,
1969,SA01,#REF!,#REF!,Indore,#N/A,EBO Sales,
1971,SA01,#REF!,#REF!,Thrissur,#N/A,EBO Sales,
1977,SA01,#REF!,#REF!,Kolkata,#N/A,EBO Sales,
4001,SA01,Sales,EBO Sales,Pune,411013,EBO Sales,
4001,MS01,MISCELLANOUS,Miscellanous,Pune,411013,Miscellanous,
4002,SA01,Sales,EBO Sales,Bengaluru,560003,EBO Sales,
4002,MS01,MISCELLANOUS,Miscellanous,Bengaluru,560003,Miscellanous,
4003,SA01,#REF!,#REF!,Chennai,#N/A,EBO Sales,
4004,SA01,#REF!,#REF!,Patna,#N/A,EBO Sales,
4005,SA01,#REF!,#REF!,Jalandhar,144001,EBO Sales,
4005,MS01,MISCELLANOUS,Miscellanous,Jalandhar,#N/A,Miscellanous,
4006,SA01,#REF!,#REF!,Jammu,#N/A,EBO Sales,
4007,SA01,#REF!,#REF!,Agartala,799006,EBO Sales,
4007,MS01,MISCELLANOUS,Miscellanous,Agartala,#N/A,Miscellanous,
4008,SA01,#REF!,#REF!,Gurgaon,#N/A,EBO Sales,
4009,MS01,MISCELLANOUS,Miscellanous,Sambalpur,#N/A,Miscellanous,
4009,SA01,#REF!,#REF!,Sambalpur,#N/A,EBO Sales,
1317,DM01,DAMAGE,Damage,Farukhnagar,122506,Damage,
4011,MS01,MISCELLANOUS,Miscellanous,Perinthalma,#N/A,Miscellanous,
1317,RT01,Return,Return,Farukhnagar,122506,Return,
4011,SA01,#REF!,#REF!,Perinthalma,#N/A,EBO Sales,
1558,TN01,Amazon_FBA_MAA5,Amazon FBA,Chennai,600055,Amazon South,
5000,SA01,#REF!,#REF!,Bangalore,560023,EBO Sales,
5001,SA01,#REF!,#REF!,Lucknow,226030,EBO Sales,
5002,SA01,#REF!,#REF!,Guwahati,#N/A,EBO Sales,
1004,RT03,FBA/FBF STO Ret.,Return,Gurugram,122504,,
1004,RT01,Return,Return,Gurugram,122504,Return,
5003,SA01,#REF!,#REF!,Gurgaon,#N/A,EBO Sales,
5004,SA01,#REF!,#REF!,Panjagutta,#N/A,EBO Sales,
5006,SA01,#REF!,#REF!,Chennai,#N/A,EBO Sales,
5009,SA01,#REF!,#REF!,Ahmedabad,380009,EBO Sales,
1320,07DC,Pure_Origin D2C,D2C,Farukhnagar,122007,SRF Pataudi,
1318,08DC,Dr_Sheth D2C,D2C,Mumbai,421302,Emiza Mumbai,
1319,08DC,Dr_Sheth D2C,D2C,Bangalore,562111,Emiza Bangalore,
1320,08DC,Dr_Sheth D2C,D2C,Farukhnagar,122007,SRF Pataudi,
1318,AZBC,AMAZON B2C,Amazon Flex,Mumbai,421302,BOM_CLUSTER,
1319,AZBC,AMAZON B2C,Amazon Flex,Bangalore,562111,BOM_CLUSTER,
1320,AZBC,AMAZON B2C,Amazon Flex,Farukhnagar,122007,BOM_CLUSTER,
1318,CO01,Common B2B,Common,Mumbai,421302,Mum Drs Com,
1320,CO03,RSM,CSD,Farukhnagar,122007,Mum Drs CSD,
1319,CP01,MULTI BRAND,B2C,Bangalore,562111,Mum Drs- Ecom B2C,
1320,CP01,MULTI BRAND,B2C,Farukhnagar,122007,Mum Drs- Ecom B2C,
1318,DM01,DAMAGE,Damage,Mumbai,421302,Damage,
1319,DM01,DAMAGE,Damage,Bangalore,562111,Damage,
1320,DM01,DAMAGE,Damage,Farukhnagar,122007,Damage,
1318,DROD,Receiving,Other,Mumbai,421302,Other,
1318,FKBC,FLIPKART B2C,Flipkart Smart,Mumbai,421302,DR_Mumbai,
1319,FKBC,FLIPKART B2C,Flipkart Smart,Bangalore,562111,DR_Mumbai,
1320,FKBC,FLIPKART B2C,Flipkart Smart,Farukhnagar,122007,DR_Mumbai,
1318,FSR1,Factory Seal,Other,Mumbai,421302,Other,
1319,FSR1,Factory Seal,Other,Bangalore,562111,Other,
1320,FSR1,Factory Seal,Other,Farukhnagar,122007,Other,
1318,INT1,InTransit,Intransit,Mumbai,421302,Intransit,
1319,INT1,InTransit,Intransit,Bangalore,562111,Intransit,
1320,INT1,InTransit,Intransit,Farukhnagar,122007,Intransit,
1320,KITS,Kitting,Other,Farukhnagar,122007,Other,
1318,LS01,LOOSE,Loose,Mumbai,421302,Loose,
1319,LS01,LOOSE,Loose,Bangalore,562111,Loose,
1320,LS01,LOOSE,Loose,Farukhnagar,122007,Loose,
1318,MOBC,WEST_B2C_MEESHO,Meesho,Mumbai,421302,Meesho Mumbai,
1319,MOBC,South_B2C_MEESHO,Meesho,Bangalore,562111,Meesho Bangalore,
1320,MOBC,NORTH_B2C_MEESHO,Meesho,Farukhnagar,122007,Meesho Delhi,
1318,MROD,Receiving,Common,Mumbai,421302,Mum Drs Com,
5009,MS01,MISCELLANOUS,Miscellanous,Ahmedabad,380009,Miscellanous,
1318,MYBC,MYNTRA B2C,Myntra,Mumbai,421302,Myntra - Emiza Mumbai,
1319,MYBC,MYNTRA B2C,Myntra,Bangalore,562111,Myntra - Emiza Bangalore,
1320,MYBC,MYNTRA B2C,Myntra,Farukhnagar,122007,Myntra - HC Delhi,
5011,MS01,MISCELLANOUS,Miscellanous,Trivandrum,#N/A,Miscellanous,
1318,NT01,CONSUMABLES,Other,Mumbai,421302,Other,
1320,PH01,Physical,Other,Farukhnagar,122007,Other,
1318,PK01,PACKING MATERIAL,PM,Mumbai,421302,PM,
1319,PK01,PACKING MATERIAL,PM,Bangalore,562111,PM,
1320,PK01,PACKING MATERIAL,PM,Farukhnagar,122007,PM,
1318,QH1,QH1_QUALITY_HOLD,,Mumbai,421302,,
1318,RT01,RETURN,Return,Mumbai,421302,Return,
1318,RT02,VENDOR RETURN,Return,Mumbai,421302,Return,
1320,RT02,VENDOR RETURN,Return,Farukhnagar,122007,Return,
1320,RT03,FBA/FBF STO Ret.,Return,Farukhnagar,122007,Mum Drs Com,
1320,RT04,STO RETURN,Return,Farukhnagar,122007,Mum Drs Com,
5011,SA01,#REF!,#REF!,#N/A,#N/A,EBO Sales,
1318,SMP1,SMP1_QC_SAMPLE,QC,Mumbai,421302,QC,
1318,SR01,SHORT RECEIPT,Short,Mumbai,421302,Short,
1319,SR01,SHORT RECEIPT,Short,Bangalore,562111,Short,
1320,SR01,SHORT RECEIPT,Short,Farukhnagar,122007,Short,
1320,YOTO,YOTO,YOTO,Farukhnagar,122007,GGN YOTO,
1317,AZBC,AMAZON B2C,Amazon Flex,Farukhnagar,122506,HRA_CLUSTER,
1317,FKBC,FLIPKART B2C,Flipkart Smart,Farukhnagar,122506,DR_NewDelhi,
1317,MYBC,MYNTRA B2C,Myntra,Farukhnagar,122506,Myntra - HC Delhi,
1317,MOBC,Meesho B2C,Meesho,Farukhnagar,122506,Meesho Delhi,
1317,CO02,COMMON,Common,Farukhnagar,122506,Dwarka - Ecom B2C,
AMD_CLUSTER,,,,,,AMD_CLUSTER,FBA
BLR_CLUSTER,,,,,,BLR_CLUSTER,FBA
BOM_CLUSTER,,,,,,BOM_CLUSTER,FBA
CHN_CLUSTER,,,,,,CHN_CLUSTER,FBA
COI_CLUSTER,,,,,,COI_CLUSTER,FBA
DEL_CLUSTER,,,,,,DEL_CLUSTER,FBA
HRA_CLUSTER,,,,,,HRA_CLUSTER,FBA
HYD_CLUSTER,,,,,,HYD_CLUSTER,FBA
IND_CLUSTER,,,,,,IND_CLUSTER,FBA
JAI_CLUSTER,,,,,,JAI_CLUSTER,FBA
KOL_CLUSTER,,,,,,KOL_CLUSTER,FBA
LKO_CLUSTER,,,,,,LKO_CLUSTER,FBA
PUN_CLUSTER,,,,,,PUN_CLUSTER,FBA
SAT_CLUSTER,,,,,,SAT_CLUSTER,FBA
GAA_CLUSTER,,,,,,GAA_CLUSTER,FBA
DR_NewDelhi,,,,,,DR_NewDelhi,FBF
FW_Jaipur,,,,,,FW_Jaipur,FBF
FW_Lucknow,,,,,,FW_Lucknow,FBF
DR_Mumbai,,,,,,DR_Mumbai,FBF
DR_Hyderabad,,,,,,DR_Hyderabad,FBF
DR_Kolkata,,,,,,DR_Kolkata,FBF
FW_Bhubneshwar,,,,,,FW_Bhubneshwar,FBF
DR_Bangalore,,,,,,DR_Bangalore,FBF
FW_Chennai,,,,,,FW_Chennai,FBF
Myntra - Emiza Kolkata,,,,,,Myntra - Emiza Kolkata,SJIT
Myntra - Emiza Bangalore,,,,,,Myntra - Emiza Bangalore,SJIT
Myntra - Emiza Mumbai,,,,,,Myntra - Emiza Mumbai,SJIT
Myntra - HC Delhi,,,,,,Myntra - HC Delhi,SJIT